ingredient,allergy
celery,celery
celery salt,celery
celery powder,celery
celery seed,celery
celery seed extract,celery
celery root,celery
celery juice,celery
celery oil,celery
celery stalks,celery
celery leaves,celery
dried celery,celery
vegetable broth,celery
vegetable powder,celery
celery protein hydrolysate,celery
celery-derived nitrates,celery
seasoning mix,celery
celeriac,celery
bouillon extract,celery
levisticum officinale,celery
apium graveolens,celery
lovage,celery
ajmoda,celery
indian celery seed,celery
celery oleoresin,celery
apiol,celery
umbelliferone extract,celery
celery seed oil,celery
celery flavonoids,celery
vegetable extracts,celery
celery extract,celery
celery hydrolysate,celery
celery protein extract,celery
celery essential oil,celery
apium graveolens extract ,celery
celeriac juice concentrate,celery
celery seed oleoresin,celery
sedanolide,celery
sedanenolide,celery
whole egg,egg
egg whites,egg
egg yolks,egg
egg solids,egg
egg powder,egg
egg protein,egg
egg albumin,egg
egg lecithin,egg
albumin,egg
egg emulsifier,egg
egg fat,egg
egg shell powder,egg
dried egg,egg
ovomucin,egg
ovomucoid,egg
ovalbumin,egg
ovoinhibitor,egg
oviprotein,egg
ovovitellin,egg
egg white concentrate,egg
egg white solids,egg
egg white concentrate,egg
hydrolyzed egg protein,egg
ovoflavoprotein,egg
egg white peptides,egg
ovoflavin,egg
egg protein hydrolysate,egg
lupine flour,lupine
lupine protein,lupine
lupine fiber,lupine
lupine starch,lupine
lupine concentrate powder,lupine
lupin extract,lupine
lupin seed powder,lupine
lupin seeds,lupine
lupin oil,lupine
hydrolyzed lupine protein,lupine
lupine gum,lupine
lupin-derived lecithin,lupine
hydrolyzed lupine protein,lupine
lupine-based gelling agents,lupine
peruvian lupine,lupine
lupin bean,lupine
narrow-leafed lupine,lupine
lupine isolate,lupine
lupine hydrolysate,lupine
lupine lecithin,lupine
lupine-based emulsifier,lupine
lupine seed flour,lupine
lupine concentrate,lupine
lupin hulls,lupine
lupinus albus,lupine
lupinus angustifolius,lupine
lupinus mutabilis,lupine
white lupine,lupine
tahini,sesame
sesame seeds,sesame
sesame oil,sesame
sesame paste,sesame
sesame flour,sesame
sesame protein,sesame
sesame seed extract,sesame
sesame lecithin,sesame
sesame butter,sesame
sesame seed powder,sesame
sesame seed butter,sesame
sesame oil emulsifier,sesame
sesame protein hydrolysate,sesame
sesame seed enriched oil,sesame
gingelly oil,sesame
til oil,sesame
benne seeds,sesame
benne oil,sesame
almond oil,tree-nut
almond butter,tree-nut
almond paste,tree-nut
almond flour,tree-nut
walnut oil,tree-nut
walnut butter,tree-nut
walnut paste,tree-nut
cashew butter,tree-nut
cashew oil,tree-nut
cashew paste,tree-nut
pistachio oil,tree-nut
pistachio butter,tree-nut
pistachio paste,tree-nut
pistachio flour,tree-nut
hazelnut oil,tree-nut
hazelnut butter,tree-nut
hazelnut paste,tree-nut
brazil nut oil,tree-nut
brazil nut butter,tree-nut
macadamia oil,tree-nut
macadamia butter,tree-nut
macadamia paste,tree-nut
pine nut oil,tree-nut
pine nut butter,tree-nut
chestnut flour,tree-nut
chestnut puree,tree-nut
chestnut oil,tree-nut
nut butters,tree-nut
prunus amygdalus,tree-nut
juglans regia,tree-nut
anacardium occidentale,tree-nut
pistacia vera,tree-nut
filberta,tree-nut
cobnuts,tree-nut
corylus avellana,tree-nut
bertholletia excelsa,tree-nut
queensland nuts,tree-nut
macadamia integrifolia,tree-nut
pignoli,tree-nut
castanea,tree-nut
pinus,tree-nut
marzipan,tree-nut
nougat,tree-nut
granola,tree-nut
macadamia lecithin,tree-nut
hazelnut lecithin,tree-nut
almond starch,tree-nut
cashew gel,tree-nut
hazelnut gel,tree-nut
almond milk,tree-nut
cashew milk,tree-nut
walnut protein isolate,tree-nut
almond protein isolate,tree-nut
cashew hydrolysate,tree-nut
pistachio hydrolysate,tree-nut
shrimp oil,crustacean
dried shrimp,crustacean
lobster extract,crustacean
lobster paste,crustacean
lobster oil,crustacean
crab extract,crustacean
crab paste,crustacean
crab oil,crustacean
prawn paste,crustacean
prawn oil,crustacean
dried prawn,crustacean
langoustine paste,crustacean
langoustine extract,crustacean
crawfish paste,crustacean
crawfish powder,crustacean
crawfish oil,crustacean
caridina extract,crustacean
homarus extract,crustacean
homaridae extract,crustacean
scampi,crustacean
surimi,crustacean
crustacean hydrolysates,crustacean
crustacean protein isolate,crustacean
crustacean protein concentrate,crustacean
krill oil,crustacean
crustacean calcium,crustacean
chitosan hydrochlorid,crustacean
mollusk mix,crustacean
soybean oil,soy
soy protein,soy
soy protein isolate,soy
soy protein concentrate,soy
soy flour,soy
soy lecithin,soy
fermented soybeans,soy
soybean paste,soy
soy sauce,soy
tamari,soy
miso,soy
edamame,soy
soy sprouts,soy
young soybeans,soy
tofu,soy
shoyu,soy
tofu extract,soy
tofu paste,soy
silken tofu,soy
firm tofu,soy
tamari,soy
soy milk,soy
green soybeans,soy
soy cream,soy
soy yogurt,soy
teriyaki sauce,soy
soy flour,soy
soy concentrate powder,soy
defatted soy flour,soy
soybean flour,soy
soybean grits,soy
textured vegetable protein,soy
tvp,soy
soy tvp,soy
textured soy protein,soy
soy protein granules,soy
soy hull powder,soy
soy lecithin,soy
soy peptide,soy
miso,soy
soy lecithin powder,soy
soy lecithin liquid,soy
hydrogenated soy oil,soy
refined soy oil,soy
soybean oil extract,soy
soybean oil emulsifier,soy
soy extract,soy
soy isoflavones,soy
soy concentrates,soy
soybean extract,soy
soy sauce,soy
tempeh,soy
light soy sauce,soy
dark soy sauce,soy
low-sodium soy sauce,soy
whole mustard seeds,mustard
mustard seed powder,mustard
ground mustard,mustard
yellow mustard seeds,mustard
brown mustard seeds,mustard
black mustard seeds,mustard
mustard leaf powder,mustard
mustard leaf essence,mustard
mustard hulls,mustard
cold-pressed mustard oil,mustard
mustard seed oil,mustard
refined mustard oil,mustard
mustard extract,mustard
mustard oil cake,mustard
mustard bran,mustard
mustard powder,mustard
mustard seed mix,mustard
mustard flour,mustard
yellow mustard powder,mustard
brown mustard powder,mustard
mustard seed flour,mustard
pickling spice blend,mustard
ground mustard paste,mustard
mustard sauce,mustard
yellow mustard sauce,mustard
honey mustard sauce,mustard
dijon mustard,mustard
spicy brown mustard,mustard
hot dog mustard,mustard
mustard dressing,mustard
dried mustard greens,mustard
mustard leaf,mustard
mustard oil cake,mustard
brassica nigra,mustard
mustard extract,mustard
brassica juncea,mustard
mustard flavoring,mustard
mustard essence,mustard
sinapis alba,mustard
mustard seed protein,mustard
"brassica seeds,",mustard
mustard protein isolate,mustard
whole peanuts,peanut
crushed peanuts,peanut
roasted peanuts,peanut
raw peanuts,peanut
chopped peanuts,peanut
peanut meal,peanut
peanut oil,peanut
refined peanut oil,peanut
cold-pressed peanut oil,peanut
hydrogenated peanut oil,peanut
peanut extract,peanut
peanut oil cake,peanut
refined arachis oil,peanut
peanut butter,peanut
creamy peanut butter,peanut
crunchy peanut butter,peanut
peanut butter spread,peanut
peanut butter powder,peanut
peanut caramel,peanut
peanut flour,peanut
defatted peanut flour,peanut
peanut protein powder,peanut
peanut extract,peanut
peanut essence,peanut
peanut flavoring,peanut
peanut pulp,peanut
peanut spread,peanut
arachis oil,peanut
peanut protein,peanut
peanut protein isolate,peanut
peanut protein concentrate,peanut
peanut granules,peanut
peanut flour,peanut
peanut butter powder,peanut
peanut butter concentrate,peanut
peanut protein flour,peanut
peanut clusters,peanut
peanut milk,peanut
whole wheat flour,gluten
white wheat flour,gluten
unbleached wheat flour,gluten
bleached wheat flour,gluten
self-rising wheat flour,gluten
high-gluten wheat flour,gluten
durum wheat flour,gluten
semolina,gluten
cereal flour,gluten
wheat starch,gluten
wheat bran,gluten
malted barley flour,gluten
barley flour,gluten
barley malt,gluten
malted barley flour,gluten
barley malt flour,gluten
fettuccine,gluten
rye flour,gluten
kamut flour,gluten
kamut bran,gluten
whole rye flour,gluten
wheat dextrin,gluten
triticale flour,gluten
bulgur grain,gluten
wheat gluten,gluten
spelt bran,gluten
vital wheat gluten,gluten
gluten flour,gluten
wheat protein,gluten
wheat gluten concentrate,gluten
hydrolyzed wheat gluten,gluten
maltodextrin,gluten
malt,gluten
couscous,gluten
barley malt,gluten
malt syrup,gluten
malt extract,gluten
malt powder,gluten
maltose,gluten
panko,gluten
cereal extracts,gluten
khorasan wheat,gluten
barley extract,gluten
wheat extract,gluten
rye extract,gluten
tempura batter,gluten
beer batter,gluten
seitan,gluten
wheat starch (used in various processed foods),gluten
couscous (made from wheat),gluten
wheat bran (used in baked goods and as fiber),gluten
whole milk,milk
skim milk,milk
low-fat milk,milk
condensed milk,milk
evaporated milk,milk
powdered milk,milk
ultra-pasteurized milk,milk
raw milk,milk
flavoured milk,milk
milk fat,milk
butterfat,milk
heavy cream,milk
whipping cream,milk
light cream,milk
half-and-half cream,milk
clotted cream,milk
sour cream,milk
double cream,milk
butter,milk
lactose monohydrate,milk
salted butter,milk
unsalted butter,milk
clarified butter,milk
lactose hydrolysate,milk
cheese,milk
ghee,milk
"soft cheese (brie, camembert)",milk
ricotta,milk
cream cheese,milk
cottage cheese,milk
mozzarella,milk
cheddar cheese,milk
swiss cheese,milk
parmesan,milk
provolone,milk
american cheese,milk
blue cheese,milk
feta cheese,milk
ricotta cheese,milk
cheese powder,milk
sorbet,milk
yogurt,milk
milk sugar,milk
regular yogurt,milk
greek yogurt,milk
flavored yogurt,milk
frozen yogurt,milk
probiotic yogurt,milk
processed cheese,milk
milk protein isolate,milk
milk-based powder,milk
creamed fillings,milk
milk powder,milk
nonfat dry milk,milk
whey powder,milk
casein,milk
whey protein concentrate,milk
whey protein isolate,milk
milk protein concentrate,milk
whey and casein products,milk
alfredo sauce,milk
whey protein,milk
whey concentrate,milk
whey isolate,milk
cheese sauce,milk
milk-based additives,milk
lactylates,milk
lactose,milk
lactalbumin,milk
lactoglobulin,milk
milk solids,milk
milk protein concentrate,milk
lactose ester,milk
milk chocolate,milk
milk-based coffee creamer,milk
powdered creamer,milk
liquid coffee creamers,milk
milk-derived glaze,milk
clarified butter,milk
milk-derived gums,milk
milk-based caramels,milk
milk-based toffees,milk
milk chocolate candies,milk
candy bars with milk fillings,milk
milk solids,milk
milk protein,milk
whole milk powder,milk
milk powder (nonfat),milk
sorbetto,milk
salmon,"fish, sea food"
tuna,"fish, sea food"
cod,"fish, sea food"
haddock,"fish, sea food"
mackerel,"fish, sea food"
trout,"fish, sea food"
sardines,"fish, sea food"
halibut,"fish, sea food"
anchovies,"fish, sea food"
swordfish,"fish, sea food"
grouper,"fish, sea food"
pollock,"fish, sea food"
flounder,"fish, sea food"
bass,"fish, sea food"
tilapia,"fish, sea food"
snapper,"fish, sea food"
fish oil,"fish, sea food"
fish protein hydrolysate,"fish, sea food"
fish sauce,"fish, sea food"
anchovy paste,"fish, sea food"
fish stock,"fish, sea food"
fish paste,"fish, sea food"
fish gelatin,"fish, sea food"
fish powder,"fish, sea food"
fish roe,"fish, sea food"
caviar,"fish, sea food"
surimi,"fish, sea food"
unagi,"fish, sea food"
maguro,"fish, sea food"
saba,"fish, sea food"
fish-derived collagen,"fish, sea food"
fish-derived gelatin,"fish, sea food"
fish-derived isinglass,"fish, sea food"
fish meal,"fish, sea food"
cod liver oil,"fish, sea food"
salmon oil,"fish, sea food"
fish liver oil,"fish, sea food"
omega-3 fish oil,"fish, sea food"
fish sauce,"fish, sea food"
worcestershire sauce,"fish, sea food"
canned tuna,"fish, sea food"
anchovy paste,"fish, sea food"
anchovies,"fish, sea food"
ebi,"fish, sea food"
herring oil,"fish, sea food"
mackerel oil,"fish, sea food"
anchovy oil,"fish, sea food"
trout oil,"fish, sea food"
halibut oil,"fish, sea food"
sardine oil,"fish, sea food"
sushi,"fish, sea food"
sashimi,"fish, sea food"
maki rolls,"fish, sea food"
salmon roe,"fish, sea food"
anchovy marinade,"fish, sea food"
fish-flavored brine,"fish, sea food"
fish oil capsules,"fish, sea food"
cod liver oil,"fish, sea food"
fish-based omega-3 supplements,"fish, sea food"
katsuo,"fish, sea food"
fish extracts,"fish, sea food"
fish stock powder,"fish, sea food"
fish essence,"fish, sea food"
anchovy sauce,"fish, sea food"
thai fish sauce,"fish, sea food"
nam pla ,"fish, sea food"
nuoc mam,"fish, sea food"
toned milk,milk
